subject,a,v,ter,sdv
1,4.032949806665428,3.1312890941084133,0.10905273134573677,0.2
2,3.0172426985378036,2.219791102343644,0.08869818664507471,0.2
3,2.6707908082993868,1.5553392789107032,0.07515855712130598,0.2
4,3.49467916956972,2.859783849956442,0.08835339382361164,0.2
5,3.013062205162979,1.417803244584385,0.102010244844061,0.2
6,3.9199611165292705,2.350761352519458,0.12089010043685144,0.2
7,3.415146722595887,2.3298122969298247,0.06205192955424296,0.2
8,2.581920667427646,1.1329608900573036,0.07839470416386496,0.2
9,3.1212740438452284,1.8927855525685877,0.10250249978156362,0.2
10,3.4739074010482565,2.0242105237034553,0.10955084268267826,0.2
