convention,subject,dim,high,low,dropped_high,dropped_low
threshold,1,orientation,1.4004337386684658,0.386811949108272,0.125,0.125
threshold,1,colour,1.6188629599230324,0.5350255164955237,0.125,0.125
threshold,2,orientation,1.4516389665617442,0.4174301166600713,0.125,0.125
threshold,2,colour,1.6515321505606588,0.5514426837672666,0.125,0.125
threshold,3,orientation,1.6015273604055456,0.5007197702147373,0.125,0.125
threshold,3,colour,1.7284672663354108,0.582718169561049,0.125,0.125
threshold,4,orientation,1.3610628582505568,0.3854820310416641,0.25,0.25
threshold,4,colour,1.5828450559488767,0.5238689229262996,0.125,0.125
threshold,5,orientation,1.4139893120104492,0.409956386587604,0.125,0.125
threshold,5,colour,1.5612094349218983,0.5142512069602425,0.125,0.125
threshold,6,orientation,1.5308093913552696,0.44309784425202037,0.125,0.125
threshold,6,colour,1.7062810076092023,0.5766009173075465,0.125,0.125
threshold,7,orientation,1.318263463631366,0.3666852223671213,0.125,0.125
threshold,7,colour,1.6048865562272798,0.5260287333871093,0.0,0.0
threshold,8,orientation,1.4946960045280406,0.433188593611407,0.125,0.125
threshold,8,colour,2.064998096717383,0.7312098381043458,0.125,0.125
threshold,9,orientation,1.5610172687751669,0.4871093477175575,0.125,0.125
threshold,9,colour,1.8386484811492714,0.6971057105058026,0.125,0.125
threshold,10,orientation,1.3801800125430035,0.39153910836333833,0.25,0.25
threshold,10,colour,1.6048384738942572,0.5478194750838028,0.125,0.125
