Subject,Condition,Selective.Influence,Positive.SIC,Negative.SIC,MIC,Predicted_by,Rejected.Models,convention
1,PAR.AND,Pass,Nonsignificant,Significant,Negative,ParallelAND,"ParallelOR,SerialOR,SerialAND",separation
2,PAR.AND,Pass,Nonsignificant,Significant,Nonsignificant,ParallelAND,"ParallelOR,SerialOR",separation
3,PAR.AND,Pass,Nonsignificant,Significant,Nonsignificant,ParallelAND,"ParallelOR,SerialOR",separation
4,PAR.AND,Pass,Nonsignificant,Significant,Negative,ParallelAND,"ParallelOR,SerialOR,SerialAND",separation
5,PAR.AND,Pass,Nonsignificant,Significant,Nonsignificant,ParallelAND,"ParallelOR,SerialOR",separation
6,PAR.AND,Pass,Nonsignificant,Significant,Negative,ParallelAND,"ParallelOR,SerialOR,SerialAND",separation
7,PAR.AND,Pass,Nonsignificant,Significant,Nonsignificant,ParallelAND,"ParallelOR,SerialOR",separation
8,PAR.AND,Pass,Nonsignificant,Nonsignificant,Nonsignificant,SerialOR,,separation
9,PAR.AND,Pass,Nonsignificant,Significant,Nonsignificant,ParallelAND,"ParallelOR,SerialOR",separation
10,PAR.AND,Pass,Nonsignificant,Significant,Nonsignificant,ParallelAND,"ParallelOR,SerialOR",separation
1,PAR.AND,Pass,Nonsignificant,Significant,Negative,ParallelAND,"ParallelOR,SerialOR,SerialAND",threshold
2,PAR.AND,Pass,Nonsignificant,Significant,Negative,ParallelAND,"ParallelOR,SerialOR,SerialAND",threshold
3,PAR.AND,Pass,Nonsignificant,Significant,Negative,ParallelAND,"ParallelOR,SerialOR,SerialAND",threshold
4,PAR.AND,Pass,Nonsignificant,Significant,Negative,ParallelAND,"ParallelOR,SerialOR,SerialAND",threshold
5,PAR.AND,Pass,Nonsignificant,Significant,Negative,ParallelAND,"ParallelOR,SerialOR,SerialAND",threshold
6,PAR.AND,Pass,Nonsignificant,Significant,Negative,ParallelAND,"ParallelOR,SerialOR,SerialAND",threshold
7,PAR.AND,Ambiguous,Nonsignificant,Significant,Negative,ParallelAND,"ParallelOR,SerialOR,SerialAND",threshold
8,PAR.AND,Ambiguous,Nonsignificant,Significant,Negative,ParallelAND,"ParallelOR,SerialOR,SerialAND",threshold
9,PAR.AND,Pass,Nonsignificant,Significant,Nonsignificant,ParallelAND,"ParallelOR,SerialOR",threshold
10,PAR.AND,Pass,Nonsignificant,Significant,Negative,ParallelAND,"ParallelOR,SerialOR,SerialAND",threshold
