convention,trial,alpha_mean,alpha_q05,alpha_q95,beta_mean,beta_q05,beta_q95,alpha_true,beta_true
separation,1,65.28263957445517,56.83061689266722,77.96067359713713,4.892219080661156,4.89211213818832,4.892290375643046,63.03458990392672,18.92900566211105
separation,10,63.68049463272936,53.265945923189896,77.3309884283538,6.157827557368005,3.2974166065791,7.623493546066298,63.03458990392672,18.92900566211105
separation,30,63.09576017127417,55.58623912708814,69.40896056399433,8.129768079675182,7.48759315341327,8.673025412891613,63.03458990392672,18.92900566211105
separation,60,63.179577973522235,58.516632929348,67.96949477225971,8.647084400536018,8.296710565685707,9.034825265246516,63.03458990392672,18.92900566211105
separation,100,63.08908862116979,59.17831205062553,66.64957575610543,8.90257404231236,8.620817086081956,9.119146890582908,63.03458990392672,18.92900566211105
separation,144,63.1597981772623,60.27853587546297,66.23059244727591,9.074863108534753,8.934505872261038,9.219542123881387,63.03458990392672,18.92900566211105
separation,300,63.133374476886935,61.46980148119887,65.51710807450063,9.274839445666144,9.210217104712518,9.329938934111608,63.03458990392672,18.92900566211105
threshold,1,65.7052407085446,56.83061689266722,77.96067359713713,4.892215515912062,4.89211213818832,4.892290375643046,63.00629288318329,9.652044326296618
threshold,10,63.77889764694412,58.27328259787896,67.94074745372936,5.765225183921518,3.7180298734389208,7.625216821195687,63.00629288318329,9.652044326296618
threshold,30,63.4248859042568,59.393039800551456,68.73999458541648,7.3590991327139905,5.791802053550178,8.335821280595852,63.00629288318329,9.652044326296618
threshold,60,63.152272851275086,60.067865276445914,67.19125874957571,8.137080918870694,7.171444210109496,8.673400495488297,63.00629288318329,9.652044326296618
threshold,100,63.136435641818096,60.349098332399876,66.21679802633301,8.55292951835272,7.980756624138767,8.887706917539024,63.00629288318329,9.652044326296618
threshold,144,63.18967007236426,60.55007250282412,65.5973625065355,8.729320807435947,8.161914395829765,9.064357915388976,63.00629288318329,9.652044326296618
threshold,300,62.98998622921746,61.8151978228845,64.69909779991842,9.077102867842555,8.797216566963534,9.255917027953673,63.00629288318329,9.652044326296618
