condition,Dplus,p_Dplus,Dminus,p_Dminus,MIC,p_MIC,SI,predicted,acc_HH,acc_HL,acc_LH,acc_LL,n_HH,n_HL,n_LH,n_LL,convention
COA-,0.43999999999999995,3.0908187484083427e-11,0.348,2.664711111911448e-07,0.19404640700082676,2.419795590228031e-22,Pass,Coactive,1.0,1.0,1.0,1.0,250,250,250,250,separation
PAR-OR,0.3905193414536209,6.5148008086172915e-09,0.016042163030384173,0.9686927613787636,0.2719095066581386,4.296839611139824e-21,Pass,ParallelOR,1.0,0.992,1.0,0.964,250,248,250,241,separation
PAR-AND,0.05894444354170392,0.6591264063342258,0.3702086413935424,7.227158946271618e-08,-0.1356994892633515,0.297549640358728,Pass,ParallelAND,1.0,0.984,0.948,0.912,250,246,237,228,separation
SER-OR,0.09409875836388985,0.33657545970668773,0.08644309495609903,0.3989359590509478,-0.08633719921003957,0.007183320545998331,Pass,NA,1.0,0.976,0.992,0.968,250,244,248,242,separation
SER-AND,0.18631501050878663,0.01577279307633123,0.4611188110337981,9.153409492818352e-12,0.13206373255794435,0.005093399382250888,Pass,Coactive,1.0,0.952,0.948,0.928,250,238,237,232,separation
COA-,0.6040000000000001,1.5678446784031772e-20,0.452,8.109377563554934e-12,0.6136834802554443,1.629309222827288e-47,Pass,Coactive,1.0,1.0,1.0,1.0,250,250,250,250,threshold
PAR-OR,0.6149718875502009,3.089163042553339e-21,0.0,1.0,1.0387288547166147,1.697447132315631e-64,Pass,ParallelOR,1.0,1.0,1.0,0.996,250,250,250,249,threshold
PAR-AND,0.024389447564320266,0.9288261114609029,0.6300167167297898,4.01481669841478e-22,-1.221229203902553,3.272063305305546e-05,Pass,ParallelAND,1.0,0.992,0.992,0.988,250,248,248,247,threshold
SER-OR,0.03560836895970969,0.8539699770694122,0.09748672107785972,0.30629817419024397,-0.3375675477498892,0.007811127127696223,Pass,NA,1.0,0.992,0.996,0.996,250,248,249,249,threshold
SER-AND,0.15912925170068026,0.04343402405255623,0.594748962999834,9.370425979333207e-20,-0.3683406995612999,0.7698323018682649,Pass,SerialAND,1.0,1.0,0.984,0.98,250,250,246,245,threshold
