convention,N_per_level,midpoint_mean,midpoint_q05,midpoint_q95,slope_mean,slope_q05,slope_q95
separation,3,1.1589779367188044,0.8050222548003055,1.6339994181714108,2.7772410505151917,1.6646560713191578,4.107136216793703
separation,5,1.2291690580256227,0.98134781080614,1.5651647236969677,3.2349150227610783,2.1212483525055363,4.49401257948081
separation,10,1.3166720088962967,1.092419140618685,1.640402231384426,2.786098569189393,1.916494517138052,3.764822650313218
separation,20,1.3349980125618401,1.1819349533873966,1.5259820616419029,2.6104661157946873,2.0880621387737994,3.214361645632442
separation,40,1.2261125621375224,1.1367948697172956,1.3264757178975644,2.9435337468812097,2.5436900898074546,3.3886676355407177
separation,80,1.3122286792067246,1.2292064312547384,1.4213676467564793,2.7479779040276346,2.451502218159075,3.046477572461431
separation,160,1.2625254788826643,1.2021685371954223,1.3929414832389628,2.818917186235479,2.5292042612227723,3.062490030616864
separation,300,1.2709064114673068,1.2175253768622862,1.399400872518553,2.8458223946689607,2.619336945282015,3.0263128854628962
threshold,3,1.1692266117700059,0.9331216184051,1.5070565110721599,3.0534131286078057,1.9828007810889978,4.355679820028805
threshold,5,1.0904449254488011,0.9036380499447372,1.328214454012284,2.9592636129471357,2.078864791243592,3.9388434107071264
threshold,10,1.0400687438782683,0.9085981516470278,1.1912274665845324,3.192143919677618,2.4956815572828415,3.966967370036515
threshold,20,0.974719012615179,0.8907101319486465,1.0672117212679266,3.2955800217226807,2.8080705261764556,3.8249052316795065
threshold,40,1.1304573969933194,1.025118252929306,1.3225640349488155,2.8683081601734344,2.4565050116398788,3.2852739202815813
threshold,80,1.0873429332128552,1.0347277415356575,1.1548462359188083,3.0412833003769197,2.74759756213517,3.328213143903785
threshold,160,1.0558400409145305,1.0128419310756192,1.176990084361762,3.174957279855411,2.928882687644861,3.380956293514021
threshold,300,1.109628847724867,1.0664952686826183,1.2260563270715243,3.0292636692224164,2.82928540727872,3.1942084380544795
