convention,Subject,Condition,Threshold,v,ter,sdv,H_Color Intensity,L_Color Intensity,H_Orientation Intensity,L_Orientation Intensity,D+ Statistic,D+ Pvalue,D- Statistic,D- Pvalue,MIC Statistic,MIC Pvalue,Predicted,SI,HH_Correct,HL_Correct,LH_Correct,LL_Correct
separation,1,PAR.OR,1.45,1.6,0.1,0.25,93.66068444848966,48.132884705239675,86.66088258182123,74.45784985835769,0.16304347049961093,0.30096886763353353,0.05886680733171945,0.8551093801346713,0.004883134937144262,0.5431067744385178,SerialOR,Ambiguous,0.96,0.95,0.91,0.81
separation,1,PAR.AND,1.45,1.6,0.1,0.25,93.66068444848966,48.132884705239675,86.66088258182123,74.45784985835769,0.11134615384615376,0.6186477901945611,0.12378205128205128,0.5524028526148708,-0.008794791977740357,0.8911236852922569,SerialOR,Ambiguous,0.96,0.75,0.8,0.65
separation,1,SER.OR,1.45,1.6,0.1,0.25,93.66068444848966,48.132884705239675,86.66088258182123,74.45784985835769,0.19564509564509558,0.19797165509185555,0.05997829331162652,0.8588009042922874,-0.004231356270450237,0.1275575174877897,SerialOR,Ambiguous,0.9,0.78,0.91,0.81
separation,1,SER.AND,1.45,1.6,0.1,0.25,93.66068444848966,48.132884705239675,86.66088258182123,74.45784985835769,0.0557223572768088,0.8928233433110209,0.160683624393547,0.38957822606034204,-0.047584168452744935,0.5586132822979377,SerialOR,Ambiguous,0.83,0.73,0.76,0.63
separation,2,PAR.OR,1.45,1.6,0.1,0.25,91.21605977831103,49.095693375205016,87.76980060226809,75.49955627711564,0.10035317762350074,0.6263601357002873,0.1694410086374455,0.2634968557236537,-0.04879854330392991,0.5804510225763074,SerialOR,Ambiguous,0.97,0.92,0.94,0.89
separation,2,PAR.AND,1.45,1.6,0.1,0.25,91.21605977831103,49.095693375205016,87.76980060226809,75.49955627711564,0.09039390561129684,0.7306369369028247,0.18199554069119284,0.28021925654497715,-0.03610607528066223,0.8969264573867466,SerialOR,Ambiguous,0.92,0.72,0.78,0.69
separation,2,SER.OR,1.45,1.6,0.1,0.25,91.21605977831103,49.095693375205016,87.76980060226809,75.49955627711564,0.11646660839036593,0.5462455465823375,0.087294345066769,0.7119815336317438,0.0026917834341356195,0.40351530603266517,SerialOR,Ambiguous,0.93,0.85,0.9,0.89
separation,2,SER.AND,1.45,1.6,0.1,0.25,91.21605977831103,49.095693375205016,87.76980060226809,75.49955627711564,0.13807636154421876,0.4698302122313792,0.06556390519552757,0.8433971910126608,0.016210538096373073,0.5476993437101911,SerialOR,Ambiguous,0.89,0.76,0.82,0.72
separation,3,PAR.OR,1.45,1.6,0.1,0.25,89.90865149760964,47.49386699302975,88.25630002028907,76.02592207868719,0.09154722089504697,0.6960647892553123,0.1480769230769231,0.3875495755169233,0.007401970123175061,0.8373045974852216,SerialOR,Ambiguous,0.92,0.91,0.84,0.8
separation,3,PAR.AND,1.45,1.6,0.1,0.25,89.90865149760964,47.49386699302975,88.25630002028907,76.02592207868719,0.11378261422184133,0.6043491899595067,0.10338086889741127,0.6598548794564075,0.030739351785534996,0.7627389010591823,SerialOR,Ambiguous,0.89,0.73,0.82,0.7
separation,3,SER.OR,1.45,1.6,0.1,0.25,89.90865149760964,47.49386699302975,88.25630002028907,76.02592207868719,0.16499008654181074,0.31236513522531995,0.08157034536344887,0.7524574778931354,-0.018896123387142416,0.4327722374663119,SerialOR,Ambiguous,0.9,0.88,0.87,0.78
separation,3,SER.AND,1.45,1.6,0.1,0.25,89.90865149760964,47.49386699302975,88.25630002028907,76.02592207868719,0.04572366357263383,0.9239841001363246,0.21019280744681212,0.18810500614911677,-0.05285707034353848,0.23133425742042377,SerialOR,Ambiguous,0.92,0.76,0.77,0.63
separation,4,PAR.OR,1.45,1.6,0.1,0.25,76.84571723163094,40.93675134565848,88.6815797099212,76.33425467314214,0.13553679771124172,0.4395744898742302,0.08910558378138422,0.7009949021777422,0.02634135599265225,0.817753941706227,SerialOR,Ambiguous,0.95,0.97,0.88,0.8
separation,4,PAR.AND,1.45,1.6,0.1,0.25,76.84571723163094,40.93675134565848,88.6815797099212,76.33425467314214,0.13967221490239679,0.48731060943823085,0.3148688555998235,0.025906706597991557,-0.02651528674625203,0.2462040897226408,ParallelAND,Ambiguous,0.88,0.73,0.78,0.61
separation,4,SER.OR,1.45,1.6,0.1,0.25,76.84571723163094,40.93675134565848,88.6815797099212,76.33425467314214,0.25033954809235703,0.06477821507319997,0.014134228704725249,0.991313735160509,0.09229629894055513,0.020279047816194606,NA,Ambiguous,0.93,0.89,0.91,0.78
separation,4,SER.AND,1.45,1.6,0.1,0.25,76.84571723163094,40.93675134565848,88.6815797099212,76.33425467314214,0.079672796882304,0.800163807819387,0.20518375403938782,0.22795598493579333,-0.029044611791921637,0.6720791099217059,SerialOR,Ambiguous,0.88,0.71,0.64,0.63
separation,5,PAR.OR,1.45,1.6,0.1,0.25,88.5544388460508,47.33161564120183,87.70512014760641,75.43016490046648,0.1366174153824756,0.44134649611829774,0.16638560569283467,0.2972441922173557,-0.009052477434757789,0.9659624232607007,SerialOR,Ambiguous,0.99,0.91,0.8,0.83
separation,5,PAR.AND,1.45,1.6,0.1,0.25,88.5544388460508,47.33161564120183,87.70512014760641,75.43016490046648,0.1616707616707617,0.3696611684587064,0.16795659295659293,0.34161940060027546,-0.09847958006014368,0.5962951626813866,SerialOR,Ambiguous,0.88,0.74,0.8,0.66
separation,5,SER.OR,1.45,1.6,0.1,0.25,88.5544388460508,47.33161564120183,87.70512014760641,75.43016490046648,0.15035088475009095,0.38269778226143236,0.11272456880049136,0.5827966703456956,0.0759813214792261,0.22556849720765784,SerialOR,Pass,0.94,0.83,0.92,0.74
separation,5,SER.AND,1.45,1.6,0.1,0.25,88.5544388460508,47.33161564120183,87.70512014760641,75.43016490046648,0.21950322598525873,0.15841068540342446,0.04830502147357418,0.9146324557713019,0.14638993095784925,0.3178706669047301,SerialOR,Ambiguous,0.92,0.73,0.81,0.65
separation,6,PAR.OR,1.45,1.6,0.1,0.25,88.69610411584068,47.113076097748,89.61462513746831,77.3148179055869,0.05685808741200021,0.8639392711573828,0.1310395498449904,0.4598627030995018,-0.01588992998070904,0.918348443993766,SerialOR,Ambiguous,0.99,0.95,0.89,0.81
separation,6,PAR.AND,1.45,1.6,0.1,0.25,88.69610411584068,47.113076097748,89.61462513746831,77.3148179055869,0.24165395372489196,0.10239605000311518,0.05298245614035091,0.8962394737691746,0.010269835044263043,0.29932158717804,SerialOR,Ambiguous,0.92,0.76,0.75,0.72
separation,6,SER.OR,1.45,1.6,0.1,0.25,88.69610411584068,47.113076097748,89.61462513746831,77.3148179055869,0.15523255813953474,0.34595621507961627,0.1278884215734785,0.4865415953359046,0.03475267380775976,0.7986887474487451,SerialOR,Ambiguous,0.94,0.86,0.94,0.8
separation,6,SER.AND,1.45,1.6,0.1,0.25,88.69610411584068,47.113076097748,89.61462513746831,77.3148179055869,0.24699444391225195,0.10019528159200715,0.09639732413705021,0.7043840712712668,0.1458548904222826,0.10795163391707249,SerialOR,Ambiguous,0.88,0.78,0.73,0.66
separation,7,PAR.OR,1.45,1.6,0.1,0.25,85.29706574775003,45.2382877973989,86.68002080068294,74.35890418536945,0.021739130434782594,0.9785043842854504,0.2039043136039962,0.14782319808530342,-0.05002276879791401,0.07311488172898933,SerialOR,Ambiguous,0.93,0.94,0.89,0.92
separation,7,PAR.AND,1.45,1.6,0.1,0.25,85.29706574775003,45.2382877973989,86.68002080068294,74.35890418536945,0.060323593796193786,0.8758168603970817,0.2151721028032726,0.18505931944027756,-0.1519177876160318,0.33662082789080705,SerialOR,Ambiguous,0.78,0.72,0.83,0.62
separation,7,SER.OR,1.45,1.6,0.1,0.25,85.29706574775003,45.2382877973989,86.68002080068294,74.35890418536945,0.1400995104299702,0.43069426384846404,0.14064495530012788,0.4278731037156704,0.02518032013073007,0.4543420064253712,SerialOR,Ambiguous,0.96,0.81,0.87,0.81
separation,7,SER.AND,1.45,1.6,0.1,0.25,85.29706574775003,45.2382877973989,86.68002080068294,74.35890418536945,0.08330240066296624,0.7733512657114383,0.1208467494798996,0.5822181519278729,0.005077191465475139,0.9310912663280716,SerialOR,Ambiguous,0.91,0.67,0.76,0.67
separation,8,PAR.OR,1.45,1.6,0.1,0.25,87.43842730287459,46.11293704581227,84.74309309482025,72.41252525720014,0.29844026940801127,0.02023870799853593,0.07056205443302219,0.804103916527973,0.08896229115900056,0.007289433792837952,ParallelOR,Ambiguous,0.93,0.9,0.91,0.78
separation,8,PAR.AND,1.45,1.6,0.1,0.25,87.43842730287459,46.11293704581227,84.74309309482025,72.41252525720014,0.12010467980295564,0.585548585527141,0.15338669950738915,0.41772817210988195,-0.06290515685850073,0.7815852956695392,SerialOR,Ambiguous,0.87,0.7,0.8,0.64
separation,8,SER.OR,1.45,1.6,0.1,0.25,87.43842730287459,46.11293704581227,84.74309309482025,72.41252525720014,0.22395138172227946,0.12355552146148535,0.08139127775866684,0.7586650297277767,0.03676934844320412,0.3159799810319425,SerialOR,Ambiguous,0.95,0.75,0.85,0.81
separation,8,SER.AND,1.45,1.6,0.1,0.25,87.43842730287459,46.11293704581227,84.74309309482025,72.41252525720014,0.0031746031746032743,0.9996480972078831,0.24549670055288042,0.12186961444910778,-0.2098801022146638,0.06606654784945994,SerialOR,Ambiguous,0.89,0.63,0.7,0.63
separation,9,PAR.OR,1.45,1.6,0.1,0.25,89.35469065244327,48.264783265334714,86.54197722595906,74.23282913690717,0.14337474120082827,0.4018509189180442,0.17391304347826092,0.26147907037328133,0.03979714882983598,0.4437037809241674,SerialOR,Ambiguous,0.96,0.92,0.84,0.84
separation,9,PAR.AND,1.45,1.6,0.1,0.25,89.35469065244327,48.264783265334714,86.54197722595906,74.23282913690717,0.1791116827348711,0.3040672850818318,0.15574481878829705,0.40651189031224194,-0.03173057002998236,0.7209930671282161,SerialOR,Ambiguous,0.84,0.66,0.81,0.69
separation,9,SER.OR,1.45,1.6,0.1,0.25,89.35469065244327,48.264783265334714,86.54197722595906,74.23282913690717,0.13806527339483976,0.43737383684898967,0.076095832244578,0.7778571694297669,0.11107505699117926,0.20274534552106063,SerialOR,Ambiguous,0.96,0.89,0.86,0.78
separation,9,SER.AND,1.45,1.6,0.1,0.25,89.35469065244327,48.264783265334714,86.54197722595906,74.23282913690717,0.24830112457691877,0.09422815213806206,0.03809149470466208,0.9459282730683236,0.11587752085637826,0.06345137922757589,SerialOR,Ambiguous,0.86,0.75,0.76,0.71
separation,10,PAR.OR,1.45,1.6,0.1,0.25,97.32605205880235,51.588741010477975,89.58839977002387,77.30689245738526,0.07160842815402524,0.793459315804648,0.23947800450282813,0.07520881980776144,0.007995959457262558,0.8387901647332796,SerialOR,Ambiguous,0.99,0.89,0.88,0.86
separation,10,PAR.AND,1.45,1.6,0.1,0.25,97.32605205880235,51.588741010477975,89.58839977002387,77.30689245738526,0.12742698805607566,0.5419852724976983,0.234402162498409,0.12585652994209548,-0.006967412005696838,0.5485862634027072,SerialOR,Ambiguous,0.86,0.77,0.73,0.68
separation,10,SER.OR,1.45,1.6,0.1,0.25,97.32605205880235,51.588741010477975,89.58839977002387,77.30689245738526,0.07923988453942374,0.7509771872076224,0.11830489019429125,0.5281619683723758,-0.009638756018624406,0.7455080440169037,SerialOR,Ambiguous,0.98,0.91,0.93,0.84
separation,10,SER.AND,1.45,1.6,0.1,0.25,97.32605205880235,51.588741010477975,89.58839977002387,77.30689245738526,0.10433410508619542,0.6469444387170323,0.286406335255342,0.03756524865333803,-0.16037625997335314,0.5056852861337527,ParallelAND,Ambiguous,0.86,0.76,0.83,0.76
threshold,1,PAR.OR,1.45,1.6,0.1,0.25,48.90545890134173,27.231383694113056,86.95671325848065,74.8161724114349,0.16241234604666244,0.3024214095632703,0.1827430412078206,0.22000900710459775,0.01878131578710629,0.6989054785786886,SerialOR,Ambiguous,0.95,0.94,0.93,0.82
threshold,1,PAR.AND,1.45,1.6,0.1,0.25,48.90545890134173,27.231383694113056,86.95671325848065,74.8161724114349,0.12796473212629889,0.4925934961273232,0.09533859313541071,0.6750036110490661,0.06977736253881583,0.4778937460016255,SerialOR,Ambiguous,0.95,0.86,0.9,0.77
threshold,1,SER.OR,1.45,1.6,0.1,0.25,48.90545890134173,27.231383694113056,86.95671325848065,74.8161724114349,0.09148062854458205,0.6735322268843845,0.09975166951911141,0.6250546852456096,-0.012099439671002132,0.7078722871900495,SerialOR,Ambiguous,0.99,0.96,0.98,0.86
threshold,1,SER.AND,1.45,1.6,0.1,0.25,48.90545890134173,27.231383694113056,86.95671325848065,74.8161724114349,0.15968671282260138,0.3273390751950925,0.11062717770034838,0.5850978747822363,0.11715451427468349,0.3559684198654865,SerialOR,Pass,0.98,0.84,0.88,0.82
threshold,2,PAR.OR,1.45,1.6,0.1,0.25,48.35066741694108,27.093405011437717,87.51353714659389,75.58007440962535,0.0951393119616265,0.6539764472784755,0.10157807202218916,0.6162442405532091,0.021756595597630768,0.47565106386811007,SerialOR,Ambiguous,1.0,0.94,0.93,0.89
threshold,2,PAR.AND,1.45,1.6,0.1,0.25,48.35066741694108,27.093405011437717,87.51353714659389,75.58007440962535,0.2250644745325596,0.11585667508131303,0.0414893617021278,0.929371571413223,0.355687730224584,0.16499220934255313,SerialOR,Ambiguous,0.94,0.9,0.88,0.72
threshold,2,SER.OR,1.45,1.6,0.1,0.25,48.35066741694108,27.093405011437717,87.51353714659389,75.58007440962535,0.053224746263885514,0.8747897470779071,0.19963727723167907,0.15228474344016724,-0.2818745660240056,0.5270414859886076,SerialOR,Ambiguous,1.0,0.97,0.96,0.86
threshold,2,SER.AND,1.45,1.6,0.1,0.25,48.35066741694108,27.093405011437717,87.51353714659389,75.58007440962535,0.12762819463850386,0.4890786034588584,0.13313668640129123,0.4591841721336269,0.16038955253732512,0.28894000481732474,SerialOR,Pass,0.97,0.81,0.91,0.84
threshold,3,PAR.OR,1.45,1.6,0.1,0.25,49.17842451790677,27.037451746098636,86.68932620653818,74.94245440454051,0.11277574548276231,0.5470850057119558,0.15614418209363334,0.314668511001565,0.04515718193970364,0.44669791369748096,SerialOR,Ambiguous,1.0,0.93,0.97,0.9
threshold,3,PAR.AND,1.45,1.6,0.1,0.25,49.17842451790677,27.037451746098636,86.68932620653818,74.94245440454051,0.1847405364691716,0.22497420369520993,0.1281378625058356,0.4878816719119406,-0.05146180584802895,0.21103626217422738,SerialOR,Ambiguous,0.97,0.87,0.84,0.83
threshold,3,SER.OR,1.45,1.6,0.1,0.25,49.17842451790677,27.037451746098636,86.68932620653818,74.94245440454051,0.03072833599149389,0.9560232549501265,0.152123870281765,0.33213241223134304,-0.2335463649456252,0.6216180632324096,SerialOR,Ambiguous,1.0,0.99,0.95,0.88
threshold,3,SER.AND,1.45,1.6,0.1,0.25,49.17842451790677,27.037451746098636,86.68932620653818,74.94245440454051,0.11274851568055821,0.575910944912658,0.16272856483175108,0.3168115573911657,-0.006048594632260151,0.944264485767785,SerialOR,Pass,0.98,0.83,0.86,0.82
threshold,4,PAR.OR,1.45,1.6,0.1,0.25,51.008201347991076,29.89212155098354,84.86625191577782,73.36310363240597,0.08914273598770595,0.6903761475200502,0.04025431007383651,0.9272287695104452,0.06691811624243527,0.46981855008845513,SerialOR,Ambiguous,0.99,0.94,0.95,0.86
threshold,4,PAR.AND,1.45,1.6,0.1,0.25,51.008201347991076,29.89212155098354,84.86625191577782,73.36310363240597,0.06532340315679747,0.831836185932242,0.17552036090581946,0.26466669474700694,-0.1392520548745475,0.6807023590890254,SerialOR,Pass,0.98,0.85,0.92,0.74
threshold,4,SER.OR,1.45,1.6,0.1,0.25,51.008201347991076,29.89212155098354,84.86625191577782,73.36310363240597,0.23857077613269123,0.07798267056950749,0.033888404141568684,0.9498242897046527,0.2978717542872391,0.039059861527640995,NA,Ambiguous,0.99,0.91,0.92,0.79
threshold,4,SER.AND,1.45,1.6,0.1,0.25,51.008201347991076,29.89212155098354,84.86625191577782,73.36310363240597,0.07140160503947857,0.8018900284110716,0.23504983388704315,0.0913912233416428,-0.16632007938875915,0.5960150680203037,SerialOR,Ambiguous,0.98,0.86,0.88,0.77
threshold,5,PAR.OR,1.45,1.6,0.1,0.25,54.40703545476289,30.49220436133188,86.978255951522,74.96513095964954,0.11071554805102146,0.5542385862956902,0.09067522276190013,0.6731081621011654,0.047302693569021836,0.5577385733908932,SerialOR,Ambiguous,0.99,1.0,0.98,0.89
threshold,5,PAR.AND,1.45,1.6,0.1,0.25,54.40703545476289,30.49220436133188,86.978255951522,74.96513095964954,0.0860528564123576,0.7234930474515155,0.19299165007162072,0.19633145639951924,0.0267135919345467,0.9889365700991606,SerialOR,Pass,0.94,0.87,0.94,0.77
threshold,5,SER.OR,1.45,1.6,0.1,0.25,54.40703545476289,30.49220436133188,86.978255951522,74.96513095964954,0.20094336421324105,0.14872156491327185,0.020579818340176637,0.9802097032264807,0.25487111791980466,0.035607923261424056,NA,Ambiguous,0.99,0.95,0.94,0.9
threshold,5,SER.AND,1.45,1.6,0.1,0.25,54.40703545476289,30.49220436133188,86.978255951522,74.96513095964954,0.09932712215320905,0.6493053624649501,0.1405020703933747,0.42142997012258276,0.1135008316399948,0.9651748601093842,SerialOR,Pass,0.96,0.92,0.84,0.8
threshold,6,PAR.OR,1.45,1.6,0.1,0.25,48.72441718802067,28.102432148526116,87.1396769685332,75.50836323651512,0.17109582668793194,0.25143007413796215,0.042587054758107395,0.918021489600121,0.13016163757446697,0.09544224303448832,SerialOR,Ambiguous,0.99,0.95,0.96,0.88
threshold,6,PAR.AND,1.45,1.6,0.1,0.25,48.72441718802067,28.102432148526116,87.1396769685332,75.50836323651512,0.14583286970067866,0.4083180429616363,0.1662974286393299,0.31200534645589917,0.3308712509801828,0.5693476354310533,SerialOR,Ambiguous,0.95,0.81,0.86,0.77
threshold,6,SER.OR,1.45,1.6,0.1,0.25,48.72441718802067,28.102432148526116,87.1396769685332,75.50836323651512,0.16812113932738504,0.2586883354041092,0.061638927018988876,0.8338063011923901,0.0813030599286817,0.17448973381002006,SerialOR,Ambiguous,1.0,0.94,0.96,0.93
threshold,6,SER.AND,1.45,1.6,0.1,0.25,48.72441718802067,28.102432148526116,87.1396769685332,75.50836323651512,0.08659334306924682,0.7275508215086658,0.17698521358159908,0.26481913843638555,-0.10693679758571273,0.804076734911109,SerialOR,Pass,0.99,0.8,0.83,0.8
threshold,7,PAR.OR,1.45,1.6,0.1,0.25,47.047557286059266,27.351617422611792,86.94785939377105,74.68135137924328,0.14261749898692966,0.39247054082920035,0.13468127777358052,0.4342661801819571,0.09060546384135415,0.34832218174013485,SerialOR,Ambiguous,1.0,0.97,0.95,0.79
threshold,7,PAR.AND,1.45,1.6,0.1,0.25,47.047557286059266,27.351617422611792,86.94785939377105,74.68135137924328,0.09221663348883857,0.6887703589553171,0.20902347306985117,0.14725485982390282,-0.044761372936391375,0.7489184520447631,SerialOR,Pass,0.98,0.91,0.85,0.79
threshold,7,SER.OR,1.45,1.6,0.1,0.25,47.047557286059266,27.351617422611792,86.94785939377105,74.68135137924328,0.023224588141438476,0.9751190540088975,0.1681501060883951,0.26693160839153335,-0.36673108976070545,0.33763849083343334,SerialOR,Ambiguous,0.98,0.92,0.93,0.91
threshold,7,SER.AND,1.45,1.6,0.1,0.25,47.047557286059266,27.351617422611792,86.94785939377105,74.68135137924328,0.06936760230485828,0.8158022811701382,0.1637195552209802,0.32172963513203495,-0.14369624388270896,0.49401674461357575,SerialOR,Ambiguous,0.94,0.83,0.85,0.78
threshold,8,PAR.OR,1.45,1.6,0.1,0.25,45.88724777932989,26.647777612902416,87.78065996409319,75.49018104753283,0.07801953336950629,0.7480932182967573,0.21767046482184849,0.10444678133784911,-0.08232983204791477,0.24215503647157505,SerialOR,Ambiguous,1.0,0.97,0.95,0.9
threshold,8,PAR.AND,1.45,1.6,0.1,0.25,45.88724777932989,26.647777612902416,87.78065996409319,75.49018104753283,0.1642387806186305,0.31582724473291296,0.053862715298885505,0.8834134108592914,0.4304111965676365,0.10416885651461794,SerialOR,Ambiguous,0.94,0.85,0.8,0.84
threshold,8,SER.OR,1.45,1.6,0.1,0.25,45.88724777932989,26.647777612902416,87.78065996409319,75.49018104753283,0.10795324556477609,0.5804985451755754,0.1291631136346304,0.4590608220406136,-0.2203533714745367,0.912783738935426,SerialOR,Ambiguous,0.99,0.94,0.93,0.88
threshold,8,SER.AND,1.45,1.6,0.1,0.25,45.88724777932989,26.647777612902416,87.78065996409319,75.49018104753283,0.07960983578174008,0.7638541272787358,0.20069582924010942,0.18050277659483996,-0.18549542170867772,0.48131116387162104,SerialOR,Ambiguous,0.97,0.83,0.88,0.75
threshold,9,PAR.OR,1.45,1.6,0.1,0.25,55.09386794641209,31.274512129308327,87.86756560997993,75.70999371181415,0.17658704860668395,0.23125450296901678,0.0,1.0,0.15829235559895583,0.09718774182229341,SerialOR,Ambiguous,0.99,0.93,0.92,0.92
threshold,9,PAR.AND,1.45,1.6,0.1,0.25,55.09386794641209,31.274512129308327,87.86756560997993,75.70999371181415,0.021588841130523395,0.9797619202871154,0.2000365516980387,0.17284827641859268,-0.6160258502484295,0.2911738106519554,SerialOR,Ambiguous,0.98,0.89,0.94,0.74
threshold,9,SER.OR,1.45,1.6,0.1,0.25,55.09386794641209,31.274512129308327,87.86756560997993,75.70999371181415,0.16286047027506662,0.278443262189599,0.060290964211771825,0.8392709850901048,0.05558097757472491,0.10074288105906966,SerialOR,Pass,1.0,0.98,0.96,0.92
threshold,9,SER.AND,1.45,1.6,0.1,0.25,55.09386794641209,31.274512129308327,87.86756560997993,75.70999371181415,0.11441317316025523,0.5590538256017509,0.10694380657772384,0.601660937700755,-0.03175923116338186,0.6161857493335454,SerialOR,Pass,1.0,0.87,0.92,0.79
threshold,10,PAR.OR,1.45,1.6,0.1,0.25,41.61642048352528,23.494184511166413,85.94321597308478,74.01709443167601,0.13796768707482998,0.4120770878476247,0.15603741496598642,0.3217517874633951,0.058068628445518966,0.9020117605624517,SerialOR,Ambiguous,0.98,0.96,0.96,0.84
threshold,10,PAR.AND,1.45,1.6,0.1,0.25,41.61642048352528,23.494184511166413,85.94321597308478,74.01709443167601,0.07053214562079807,0.8162269884493129,0.14436395615473638,0.4271181249173678,-0.028430155503692767,0.7660061510799235,SerialOR,Ambiguous,0.94,0.8,0.81,0.74
threshold,10,SER.OR,1.45,1.6,0.1,0.25,41.61642048352528,23.494184511166413,85.94321597308478,74.01709443167601,0.11953862378097979,0.5288016184048346,0.057719249089380864,0.8619603364599697,-0.0577421544022203,0.43432382407503917,SerialOR,Ambiguous,0.97,0.92,0.86,0.83
threshold,10,SER.AND,1.45,1.6,0.1,0.25,41.61642048352528,23.494184511166413,85.94321597308478,74.01709443167601,0.09924149528781134,0.6680645767935068,0.15197640402200185,0.38830913425442426,-0.17480672826003785,0.838885641569666,SerialOR,Ambiguous,0.92,0.73,0.85,0.8
