h_targ,l_targ,n_cell,arch,truth,n,correct,rate,si_pass,H_in_range,acc_HH,acc_LL
8.0,1.3,100,COA-,Coactive,10,5,0.5,9,0,1.0,0.992
8.0,1.3,100,PAR-OR,ParallelOR,10,9,0.9,9,0,0.994,0.969
8.0,1.3,100,PAR-AND,ParallelAND,10,9,0.9,9,0,0.9890000000000001,0.932
8.0,1.3,100,SER-OR,SerialOR,10,4,0.4,8,0,0.994,0.968
8.0,1.3,100,SER-AND,SerialAND,10,1,0.1,9,0,0.9879999999999999,0.9470000000000001
8.0,1.3,250,COA-,Coactive,10,9,0.9,10,0,0.9996,0.992
8.0,1.3,250,PAR-OR,ParallelOR,10,9,0.9,9,0,0.994,0.966
8.0,1.3,250,PAR-AND,ParallelAND,10,9,0.9,9,0,0.9879999999999999,0.9411999999999999
8.0,1.3,250,SER-OR,SerialOR,10,2,0.2,9,0,0.9955999999999999,0.9616000000000001
8.0,1.3,250,SER-AND,SerialAND,10,3,0.3,10,0,0.9884000000000001,0.9271999999999998
4.0,1.0,100,COA-,Coactive,10,4,0.4,9,0,0.998,0.992
4.0,1.0,100,PAR-OR,ParallelOR,10,5,0.5,7,0,0.9880000000000001,0.952
4.0,1.0,100,PAR-AND,ParallelAND,10,8,0.8,6,0,0.978,0.9039999999999999
4.0,1.0,100,SER-OR,SerialOR,10,4,0.4,7,0,0.9879999999999999,0.942
4.0,1.0,100,SER-AND,SerialAND,10,0,0.0,9,0,0.976,0.9049999999999999
4.0,1.0,250,COA-,Coactive,10,4,0.4,9,0,0.9996,0.9912000000000001
4.0,1.0,250,PAR-OR,ParallelOR,10,8,0.8,9,0,0.9896,0.9512
4.0,1.0,250,PAR-AND,ParallelAND,10,9,0.9,9,0,0.9747999999999999,0.9048000000000002
4.0,1.0,250,SER-OR,SerialOR,10,4,0.4,9,0,0.9843999999999999,0.9527999999999999
4.0,1.0,250,SER-AND,SerialAND,10,0,0.0,9,0,0.9736,0.9056000000000001
2.0,0.5,100,COA-,Coactive,10,2,0.2,9,9,0.994,0.961
2.0,0.5,100,PAR-OR,ParallelOR,10,7,0.7,3,9,0.985,0.834
2.0,0.5,100,PAR-AND,ParallelAND,10,7,0.7,6,9,0.961,0.676
2.0,0.5,100,SER-OR,SerialOR,10,5,0.5,8,9,0.9809999999999999,0.835
2.0,0.5,100,SER-AND,SerialAND,10,0,0.0,8,9,0.958,0.697
2.0,0.5,250,COA-,Coactive,10,7,0.7,10,9,0.9960000000000001,0.952
2.0,0.5,250,PAR-OR,ParallelOR,10,9,0.9,8,9,0.9751999999999998,0.8192
2.0,0.5,250,PAR-AND,ParallelAND,10,8,0.8,8,9,0.9551999999999999,0.6672
2.0,0.5,250,SER-OR,SerialOR,10,4,0.4,9,9,0.9735999999999999,0.8272
2.0,0.5,250,SER-AND,SerialAND,10,0,0.0,9,9,0.9564,0.6839999999999999
